<?xml version="1.0" encoding="UTF-8"?>
<gang_job xmlns:xsi="http://www.w3.org/2001/XMLSchema-instance" xsi:noNamespaceSchemaLocation="" version="1.1" gang_job_customer="Deviz" gang_job_customer_id="SD" gang_job_name="" gang_job_id="02856">
  <!--used area [%]; Paper -width and -height [mm]-->
  <mso_plate paper_width="1020.0" paper_height="720.0" presssheet_width="1030.0" presssheet_height="777.0" used_area="90.864" sheet_count="5000" plate_nr="1">
    <gang_part part_nr="3" part_name="177637" part_object="Assembly Block 1" part_production="30000" part_overproduction="0" part_waste="0" part_allowance="0" count_on_sheet="[6,0,0,0,0,0]" part_count="6" />
    <gang_part part_nr="16" part_name="177671" part_object="Assembly Block 1" part_production="10000" part_overproduction="0" part_waste="0" part_allowance="0" count_on_sheet="[2,0,0,0,0,0]" part_count="2" />
    <gang_part part_nr="17" part_name="177605" part_object="Assembly Block 1" part_production="5000" part_overproduction="0" part_waste="0" part_allowance="0" count_on_sheet="[1,0,0,0,0,0]" part_count="1" />
    <gang_part part_nr="21" part_name="177568" part_object="Assembly Block 1" part_production="5000" part_overproduction="0" part_waste="0" part_allowance="0" count_on_sheet="[1,0,0,0,0,0]" part_count="1" />
    <gang_part part_nr="29" part_name="177544" part_object="Assembly Block 1" part_production="5000" part_overproduction="0" part_waste="0" part_allowance="0" count_on_sheet="[1,0,0,0,0,0]" part_count="1" />
    <gang_part part_nr="33" part_name="177501" part_object="Assembly Block 1" part_production="5000" part_overproduction="0" part_waste="0" part_allowance="0" count_on_sheet="[1,0,0,0,0,0]" part_count="1" />
    <gang_part part_nr="43" part_name="177598" part_object="Assembly Block 1" part_production="10000" part_overproduction="0" part_waste="0" part_allowance="0" count_on_sheet="[2,0,0,0,0,0]" part_count="2" />
    <gang_part part_nr="51" part_name="177531" part_object="Assembly Block 1" part_production="10000" part_overproduction="0" part_waste="0" part_allowance="0" count_on_sheet="[2,0,0,0,0,0]" part_count="2" />
    <gang_part part_nr="52" part_name="177629" part_object="Assembly Block 1" part_production="5000" part_overproduction="0" part_waste="0" part_allowance="0" count_on_sheet="[1,0,0,0,0,0]" part_count="1" />
    <gang_part part_nr="53" part_name="177569" part_object="Assembly Block 1" part_production="5000" part_overproduction="0" part_waste="0" part_allowance="0" count_on_sheet="[1,0,0,0,0,0]" part_count="1" />
    <gang_part part_nr="59" part_name="177570" part_object="Assembly Block 1" part_production="5000" part_overproduction="0" part_waste="0" part_allowance="0" count_on_sheet="[1,0,0,0,0,0]" part_count="1" />
    <gang_part part_nr="65" part_name="177603" part_object="Assembly Block 1" part_production="5000" part_overproduction="0" part_waste="0" part_allowance="0" count_on_sheet="[1,0,0,0,0,0]" part_count="1" />
    <gang_part part_nr="68" part_name="177720" part_object="Assembly Block 1" part_production="10000" part_overproduction="0" part_waste="0" part_allowance="0" count_on_sheet="[2,0,0,0,0,0]" part_count="2" />
    <gang_part part_nr="71" part_name="177630" part_object="Assembly Block 1" part_production="20000" part_overproduction="0" part_waste="0" part_allowance="0" count_on_sheet="[4,0,0,0,0,0]" part_count="4" />
    <gang_part part_nr="76" part_name="177644" part_object="Assembly Block 1" part_production="5000" part_overproduction="0" part_waste="0" part_allowance="0" count_on_sheet="[1,0,0,0,0,0]" part_count="1" />
    <gang_part part_nr="88" part_name="177607" part_object="Assembly Block 1" part_production="10000" part_overproduction="0" part_waste="0" part_allowance="0" count_on_sheet="[2,0,0,0,0,0]" part_count="2" />
    <gang_part part_nr="89" part_name="177781" part_object="Assembly Block 1" part_production="10000" part_overproduction="0" part_waste="0" part_allowance="0" count_on_sheet="[2,0,0,0,0,0]" part_count="2" />
  </mso_plate>
  <!--used area [%]; Paper -width and -height [mm]-->
  <mso_plate paper_width="1020.0" paper_height="720.0" presssheet_width="1030.0" presssheet_height="777.0" used_area="82.49" sheet_count="5000" plate_nr="2">
    <gang_part part_nr="54" part_name="177621" part_object="Assembly Block 1" part_production="10000" part_overproduction="0" part_waste="0" part_allowance="0" count_on_sheet="[0,2,0,0,0,0]" part_count="2" />
    <gang_part part_nr="57" part_name="177664" part_object="Assembly Block 1" part_production="50000" part_overproduction="0" part_waste="0" part_allowance="0" count_on_sheet="[0,10,0,0,0,0]" part_count="10" />
    <gang_part part_nr="80" part_name="177741" part_object="Assembly Block 1" part_production="5000" part_overproduction="0" part_waste="0" part_allowance="0" count_on_sheet="[0,1,0,0,0,0]" part_count="1" />
    <gang_part part_nr="81" part_name="177535" part_object="Assembly Block 1" part_production="5000" part_overproduction="0" part_waste="0" part_allowance="0" count_on_sheet="[0,1,0,0,0,0]" part_count="1" />
  </mso_plate>
  <!--used area [%]; Paper -width and -height [mm]-->
  <mso_plate paper_width="1020.0" paper_height="720.0" presssheet_width="1030.0" presssheet_height="777.0" used_area="90.268" sheet_count="1000" plate_nr="3">
    <gang_part part_nr="7" part_name="177534" part_object="Assembly Block 1" part_production="3000" part_overproduction="0" part_waste="0" part_allowance="0" count_on_sheet="[0,0,3,0,0,0]" part_count="3" />
    <gang_part part_nr="8" part_name="177701" part_object="Assembly Block 1" part_production="2000" part_overproduction="0" part_waste="0" part_allowance="0" count_on_sheet="[0,0,2,0,0,0]" part_count="2" />
    <gang_part part_nr="9" part_name="177606" part_object="Assembly Block 1" part_production="2000" part_overproduction="0" part_waste="0" part_allowance="0" count_on_sheet="[0,0,2,0,0,0]" part_count="2" />
    <gang_part part_nr="12" part_name="177755" part_object="Assembly Block 1" part_production="2000" part_overproduction="0" part_waste="0" part_allowance="0" count_on_sheet="[0,0,2,0,0,0]" part_count="2" />
    <gang_part part_nr="30" part_name="177769" part_object="Assembly Block 1" part_production="3000" part_overproduction="0" part_waste="0" part_allowance="0" count_on_sheet="[0,0,3,0,0,0]" part_count="3" />
    <gang_part part_nr="44" part_name="177628" part_object="Assembly Block 1" part_production="2000" part_overproduction="0" part_waste="0" part_allowance="0" count_on_sheet="[0,0,2,0,0,0]" part_count="2" />
    <gang_part part_nr="45" part_name="177796" part_object="Assembly Block 1" part_production="3000" part_overproduction="0" part_waste="0" part_allowance="0" count_on_sheet="[0,0,3,0,0,0]" part_count="3" />
    <gang_part part_nr="47" part_name="177372" part_object="Assembly Block 1" part_production="2000" part_overproduction="0" part_waste="0" part_allowance="0" count_on_sheet="[0,0,2,0,0,0]" part_count="2" />
    <gang_part part_nr="61" part_name="177652" part_object="Assembly Block 1" part_production="2000" part_overproduction="0" part_waste="0" part_allowance="0" count_on_sheet="[0,0,2,0,0,0]" part_count="2" />
    <gang_part part_nr="66" part_name="177407" part_object="Assembly Block 1" part_production="2000" part_overproduction="0" part_waste="0" part_allowance="0" count_on_sheet="[0,0,2,0,0,0]" part_count="2" />
    <gang_part part_nr="83" part_name="177790" part_object="Assembly Block 1" part_production="3000" part_overproduction="0" part_waste="0" part_allowance="0" count_on_sheet="[0,0,3,0,0,0]" part_count="3" />
    <gang_part part_nr="85" part_name="177473" part_object="Assembly Block 1" part_production="2000" part_overproduction="0" part_waste="0" part_allowance="0" count_on_sheet="[0,0,2,0,0,0]" part_count="2" />
    <gang_part part_nr="91" part_name="177573" part_object="Assembly Block 1" part_production="3000" part_overproduction="0" part_waste="0" part_allowance="0" count_on_sheet="[0,0,3,0,0,0]" part_count="3" />
    <gang_part part_nr="92" part_name="176939" part_object="Assembly Block 1" part_production="2000" part_overproduction="0" part_waste="0" part_allowance="0" count_on_sheet="[0,0,2,0,0,0]" part_count="2" />
  </mso_plate>
  <!--used area [%]; Paper -width and -height [mm]-->
  <mso_plate paper_width="1020.0" paper_height="720.0" presssheet_width="1030.0" presssheet_height="777.0" used_area="80.206" sheet_count="1000" plate_nr="4">
    <gang_part part_nr="20" part_name="177707" part_object="Assembly Block 1" part_production="3000" part_overproduction="0" part_waste="0" part_allowance="0" count_on_sheet="[0,0,0,3,0,0]" part_count="3" />
    <gang_part part_nr="24" part_name="177593" part_object="Assembly Block 1" part_production="2000" part_overproduction="0" part_waste="0" part_allowance="0" count_on_sheet="[0,0,0,2,0,0]" part_count="2" />
    <gang_part part_nr="26" part_name="177737" part_object="Assembly Block 1" part_production="2000" part_overproduction="0" part_waste="0" part_allowance="0" count_on_sheet="[0,0,0,2,0,0]" part_count="2" />
    <gang_part part_nr="67" part_name="177778" part_object="Assembly Block 1" part_production="8000" part_overproduction="0" part_waste="0" part_allowance="0" count_on_sheet="[0,0,0,8,0,0]" part_count="8" />
    <gang_part part_nr="70" part_name="177638" part_object="Assembly Block 1" part_production="2000" part_overproduction="0" part_waste="0" part_allowance="0" count_on_sheet="[0,0,0,2,0,0]" part_count="2" />
    <gang_part part_nr="82" part_name="177600" part_object="Assembly Block 1" part_production="2000" part_overproduction="0" part_waste="0" part_allowance="0" count_on_sheet="[0,0,0,2,0,0]" part_count="2" />
    <gang_part part_nr="87" part_name="177622" part_object="Assembly Block 1" part_production="4000" part_overproduction="0" part_waste="0" part_allowance="0" count_on_sheet="[0,0,0,4,0,0]" part_count="4" />
  </mso_plate>
  <!--used area [%]; Paper -width and -height [mm]-->
  <mso_plate paper_width="1020.0" paper_height="720.0" presssheet_width="1030.0" presssheet_height="777.0" used_area="82.911" sheet_count="1000" plate_nr="5">
    <gang_part part_nr="1" part_name="177618" part_object="Assembly Block 1" part_production="1000" part_overproduction="0" part_waste="0" part_allowance="0" count_on_sheet="[0,0,0,0,1,0]" part_count="1" />
    <gang_part part_nr="2" part_name="177738" part_object="Assembly Block 1" part_production="1000" part_overproduction="0" part_waste="0" part_allowance="0" count_on_sheet="[0,0,0,0,1,0]" part_count="1" />
    <gang_part part_nr="4" part_name="177555" part_object="Assembly Block 1" part_production="1000" part_overproduction="0" part_waste="0" part_allowance="0" count_on_sheet="[0,0,0,0,1,0]" part_count="1" />
    <gang_part part_nr="5" part_name="177523" part_object="Assembly Block 1" part_production="1000" part_overproduction="0" part_waste="0" part_allowance="0" count_on_sheet="[0,0,0,0,1,0]" part_count="1" />
    <gang_part part_nr="14" part_name="177551" part_object="Assembly Block 1" part_production="1000" part_overproduction="0" part_waste="0" part_allowance="0" count_on_sheet="[0,0,0,0,1,0]" part_count="1" />
    <gang_part part_nr="18" part_name="177712" part_object="Assembly Block 1" part_production="1000" part_overproduction="0" part_waste="0" part_allowance="0" count_on_sheet="[0,0,0,0,1,0]" part_count="1" />
    <gang_part part_nr="19" part_name="177295" part_object="Assembly Block 1" part_production="1000" part_overproduction="0" part_waste="0" part_allowance="0" count_on_sheet="[0,0,0,0,1,0]" part_count="1" />
    <gang_part part_nr="22" part_name="177561" part_object="Assembly Block 1" part_production="1000" part_overproduction="0" part_waste="0" part_allowance="0" count_on_sheet="[0,0,0,0,1,0]" part_count="1" />
    <gang_part part_nr="23" part_name="177716" part_object="Assembly Block 1" part_production="1000" part_overproduction="0" part_waste="0" part_allowance="0" count_on_sheet="[0,0,0,0,1,0]" part_count="1" />
    <gang_part part_nr="25" part_name="177717" part_object="Assembly Block 1" part_production="1000" part_overproduction="0" part_waste="0" part_allowance="0" count_on_sheet="[0,0,0,0,1,0]" part_count="1" />
    <gang_part part_nr="27" part_name="177619" part_object="Assembly Block 1" part_production="1000" part_overproduction="0" part_waste="0" part_allowance="0" count_on_sheet="[0,0,0,0,1,0]" part_count="1" />
    <gang_part part_nr="28" part_name="177479" part_object="Assembly Block 1" part_production="1000" part_overproduction="0" part_waste="0" part_allowance="0" count_on_sheet="[0,0,0,0,1,0]" part_count="1" />
    <gang_part part_nr="31" part_name="177718" part_object="Assembly Block 1" part_production="1000" part_overproduction="0" part_waste="0" part_allowance="0" count_on_sheet="[0,0,0,0,1,0]" part_count="1" />
    <gang_part part_nr="32" part_name="177620" part_object="Assembly Block 1" part_production="1000" part_overproduction="0" part_waste="0" part_allowance="0" count_on_sheet="[0,0,0,0,1,0]" part_count="1" />
    <gang_part part_nr="37" part_name="177633" part_object="Assembly Block 1" part_production="1000" part_overproduction="0" part_waste="0" part_allowance="0" count_on_sheet="[0,0,0,0,1,0]" part_count="1" />
    <gang_part part_nr="40" part_name="177612" part_object="Assembly Block 1" part_production="1000" part_overproduction="0" part_waste="0" part_allowance="0" count_on_sheet="[0,0,0,0,1,0]" part_count="1" />
    <gang_part part_nr="41" part_name="177721" part_object="Assembly Block 1" part_production="1000" part_overproduction="0" part_waste="0" part_allowance="0" count_on_sheet="[0,0,0,0,1,0]" part_count="1" />
    <gang_part part_nr="42" part_name="177788" part_object="Assembly Block 1" part_production="1000" part_overproduction="0" part_waste="0" part_allowance="0" count_on_sheet="[0,0,0,0,1,0]" part_count="1" />
    <gang_part part_nr="49" part_name="177634" part_object="Assembly Block 1" part_production="1000" part_overproduction="0" part_waste="0" part_allowance="0" count_on_sheet="[0,0,0,0,1,0]" part_count="1" />
    <gang_part part_nr="56" part_name="177777" part_object="Assembly Block 1" part_production="1000" part_overproduction="0" part_waste="0" part_allowance="0" count_on_sheet="[0,0,0,0,1,0]" part_count="1" />
    <gang_part part_nr="60" part_name="177604" part_object="Assembly Block 1" part_production="1000" part_overproduction="0" part_waste="0" part_allowance="0" count_on_sheet="[0,0,0,0,1,0]" part_count="1" />
    <gang_part part_nr="62" part_name="177787" part_object="Assembly Block 1" part_production="1000" part_overproduction="0" part_waste="0" part_allowance="0" count_on_sheet="[0,0,0,0,1,0]" part_count="1" />
    <gang_part part_nr="72" part_name="175897" part_object="Assembly Block 1" part_production="1000" part_overproduction="0" part_waste="0" part_allowance="0" count_on_sheet="[0,0,0,0,1,0]" part_count="1" />
    <gang_part part_nr="74" part_name="5000001039" part_object="Assembly Block 1" part_production="1000" part_overproduction="0" part_waste="0" part_allowance="0" count_on_sheet="[0,0,0,0,1,0]" part_count="1" />
    <gang_part part_nr="75" part_name="177519" part_object="Assembly Block 1" part_production="1000" part_overproduction="0" part_waste="0" part_allowance="0" count_on_sheet="[0,0,0,0,1,0]" part_count="1" />
    <gang_part part_nr="77" part_name="177670" part_object="Assembly Block 1" part_production="1000" part_overproduction="0" part_waste="0" part_allowance="0" count_on_sheet="[0,0,0,0,1,0]" part_count="1" />
    <gang_part part_nr="78" part_name="177734" part_object="Assembly Block 1" part_production="1000" part_overproduction="0" part_waste="0" part_allowance="0" count_on_sheet="[0,0,0,0,1,0]" part_count="1" />
    <gang_part part_nr="84" part_name="177632" part_object="Assembly Block 1" part_production="1000" part_overproduction="0" part_waste="0" part_allowance="0" count_on_sheet="[0,0,0,0,1,0]" part_count="1" />
    <gang_part part_nr="90" part_name="177753" part_object="Assembly Block 1" part_production="1000" part_overproduction="0" part_waste="0" part_allowance="0" count_on_sheet="[0,0,0,0,1,0]" part_count="1" />
  </mso_plate>
  <!--used area [%]; Paper -width and -height [mm]-->
  <mso_plate paper_width="1020.0" paper_height="720.0" presssheet_width="1030.0" presssheet_height="777.0" used_area="81.646" sheet_count="500" plate_nr="6">
    <gang_part part_nr="6" part_name="177572" part_object="Assembly Block 1" part_production="500" part_overproduction="0" part_waste="0" part_allowance="0" count_on_sheet="[0,0,0,0,0,1]" part_count="1" />
    <gang_part part_nr="10" part_name="177661" part_object="Assembly Block 1" part_production="500" part_overproduction="0" part_waste="0" part_allowance="0" count_on_sheet="[0,0,0,0,0,1]" part_count="1" />
    <gang_part part_nr="11" part_name="177259" part_object="Assembly Block 1" part_production="500" part_overproduction="0" part_waste="0" part_allowance="0" count_on_sheet="[0,0,0,0,0,1]" part_count="1" />
    <gang_part part_nr="13" part_name="177658" part_object="Assembly Block 1" part_production="500" part_overproduction="0" part_waste="0" part_allowance="0" count_on_sheet="[0,0,0,0,0,1]" part_count="1" />
    <gang_part part_nr="15" part_name="177636" part_object="Assembly Block 1" part_production="500" part_overproduction="0" part_waste="0" part_allowance="0" count_on_sheet="[0,0,0,0,0,1]" part_count="1" />
    <gang_part part_nr="34" part_name="177530" part_object="Assembly Block 1" part_production="500" part_overproduction="0" part_waste="0" part_allowance="0" count_on_sheet="[0,0,0,0,0,1]" part_count="1" />
    <gang_part part_nr="35" part_name="177528" part_object="Assembly Block 1" part_production="500" part_overproduction="0" part_waste="0" part_allowance="0" count_on_sheet="[0,0,0,0,0,1]" part_count="1" />
    <gang_part part_nr="36" part_name="177726" part_object="Assembly Block 1" part_production="500" part_overproduction="0" part_waste="0" part_allowance="0" count_on_sheet="[0,0,0,0,0,1]" part_count="1" />
    <gang_part part_nr="38" part_name="177247" part_object="Assembly Block 1" part_production="500" part_overproduction="0" part_waste="0" part_allowance="0" count_on_sheet="[0,0,0,0,0,1]" part_count="1" />
    <gang_part part_nr="39" part_name="177591" part_object="Assembly Block 1" part_production="500" part_overproduction="0" part_waste="0" part_allowance="0" count_on_sheet="[0,0,0,0,0,1]" part_count="1" />
    <gang_part part_nr="46" part_name="177730" part_object="Assembly Block 1" part_production="500" part_overproduction="0" part_waste="0" part_allowance="0" count_on_sheet="[0,0,0,0,0,1]" part_count="1" />
    <gang_part part_nr="48" part_name="177680" part_object="Assembly Block 1" part_production="500" part_overproduction="0" part_waste="0" part_allowance="0" count_on_sheet="[0,0,0,0,0,1]" part_count="1" />
    <gang_part part_nr="50" part_name="177725" part_object="Assembly Block 1" part_production="500" part_overproduction="0" part_waste="0" part_allowance="0" count_on_sheet="[0,0,0,0,0,1]" part_count="1" />
    <gang_part part_nr="55" part_name="177724" part_object="Assembly Block 1" part_production="500" part_overproduction="0" part_waste="0" part_allowance="0" count_on_sheet="[0,0,0,0,0,1]" part_count="1" />
    <gang_part part_nr="58" part_name="177728" part_object="Assembly Block 1" part_production="500" part_overproduction="0" part_waste="0" part_allowance="0" count_on_sheet="[0,0,0,0,0,1]" part_count="1" />
    <gang_part part_nr="63" part_name="177643" part_object="Assembly Block 1" part_production="500" part_overproduction="0" part_waste="0" part_allowance="0" count_on_sheet="[0,0,0,0,0,1]" part_count="1" />
    <gang_part part_nr="64" part_name="177729" part_object="Assembly Block 1" part_production="500" part_overproduction="0" part_waste="0" part_allowance="0" count_on_sheet="[0,0,0,0,0,1]" part_count="1" />
    <gang_part part_nr="69" part_name="177754" part_object="Assembly Block 1" part_production="500" part_overproduction="0" part_waste="0" part_allowance="0" count_on_sheet="[0,0,0,0,0,1]" part_count="1" />
    <gang_part part_nr="73" part_name="177727" part_object="Assembly Block 1" part_production="500" part_overproduction="0" part_waste="0" part_allowance="0" count_on_sheet="[0,0,0,0,0,1]" part_count="1" />
    <gang_part part_nr="79" part_name="177529" part_object="Assembly Block 1" part_production="500" part_overproduction="0" part_waste="0" part_allowance="0" count_on_sheet="[0,0,0,0,0,1]" part_count="1" />
    <gang_part part_nr="86" part_name="177806" part_object="Assembly Block 1" part_production="500" part_overproduction="0" part_waste="0" part_allowance="0" count_on_sheet="[0,0,0,0,0,1]" part_count="1" />
  </mso_plate>
  <!--
Abbreviations:
gang_job_id              : GangJob Number
gang_job_name            : GangJob Name
gang_job_customer        : GangJob Customer Name
gang_job_customer_id     : GangJob Customer ID
gang_job_layout          : Layout for Multiple Sheet Optimization
part_nr                  : consecutive number of GangPart
part_object              : Folding Sheet Name 
part_production          : Delivery Quantity
part_overproduction      : Allowance 
part_waste               : Waste (pieces)
part_count               : count on Sheet
-->
</gang_job>

